{"$schema":"http://schema.management.azure.com/schemas/2015-01-01/deploymentTemplate.json#","contentVersion":"1.0.0.0","parameters":{"factoryName":{"type":"string","metadata":"Data Factory name"},"GitHttpServer":{"type":"string"},"lsadls":{"type":"string"}},"variables":{"factoryId":"[concat('Microsoft.DataFactory/factories/', parameters('factoryName'))]"},"resources":[{"name":"[concat(parameters('factoryName'), '/pipeline_sales-analytics')]","type":"Microsoft.DataFactory/factories/pipelines","apiVersion":"2018-06-01","properties":{"activities":[{"name":"Copy data-bronze","type":"Copy","dependsOn":[],"policy":{"timeout":"0.12:00:00","retry":0,"retryIntervalInSeconds":30,"secureOutput":false,"secureInput":false},"userProperties":[],"typeProperties":{"source":{"type":"JsonSource","storeSettings":{"type":"HttpReadSettings","requestMethod":"GET"},"formatSettings":{"type":"JsonReadSettings"}},"sink":{"type":"ParquetSink","storeSettings":{"type":"AzureBlobFSWriteSettings"},"formatSettings":{"type":"ParquetWriteSettings"}},"enableStaging":false},"inputs":[{"referenceName":"ds_salesproject_git_to_bronze","type":"DatasetReference","parameters":{}}],"outputs":[{"referenceName":"ds_salesproject_sink_bronze_parquet","type":"DatasetReference","parameters":{}}]}],"policy":{"elapsedTimeMetric":{}},"annotations":[]},"dependsOn":["[concat(variables('factoryId'), '/datasets/ds_salesproject_git_to_bronze')]","[concat(variables('factoryId'), '/datasets/ds_salesproject_sink_bronze_parquet')]"]},{"name":"[concat(parameters('factoryName'), '/ds_salesproject_git_to_bronze')]","type":"Microsoft.DataFactory/factories/datasets","apiVersion":"2018-06-01","properties":{"linkedServiceName":{"referenceName":"[parameters('GitHttpServer')]","type":"LinkedServiceReference"},"annotations":[],"type":"Json","typeProperties":{"location":{"type":"HttpServerLocation","relativeUrl":"Engineerolamide/Azure-Data-Engineering/refs/heads/main/datasets/rawdatafromapi.json"}},"schema":{}},"dependsOn":[]},{"name":"[concat(parameters('factoryName'), '/ds_salesproject_sink_bronze_parquet')]","type":"Microsoft.DataFactory/factories/datasets","apiVersion":"2018-06-01","properties":{"linkedServiceName":{"referenceName":"[parameters('lsadls')]","type":"LinkedServiceReference"},"annotations":[],"type":"Parquet","typeProperties":{"location":{"type":"AzureBlobFSLocation","fileSystem":"salespoject-bronze"},"compressionCodec":"snappy"},"schema":[]},"dependsOn":[]}]}